stage_weather_cloud_sky	weather Lv1 ふわふわ	空に白いふわふわが浮かぶ情景	1536x1024	assets/images/quizland/illust/stage/stage_weather_cloud_sky.png
stage_weather_rain_from_cloud	weather Lv2 あめはどこから	雨が降る空と雲	1536x1024	assets/images/quizland/illust/stage/stage_weather_rain_from_cloud.png
stage_weather_rainbow_arc	weather Lv2 にじは何色	大きな7色の虹	1536x1024	assets/images/quizland/illust/stage/stage_weather_rainbow_arc.png
stage_weather_puddle	weather Lv2 みずたまり	雨上がりの水たまり	1536x1024	assets/images/quizland/illust/stage/stage_weather_puddle.png
stage_weather_thunder	weather Lv2 かみなり	雲と稲妻 (子供向けで怖くない雷)	1536x1024	assets/images/quizland/illust/stage/stage_weather_thunder.png
stage_weather_snowflake_big	weather Lv3 雪の結晶	大きな雪の結晶が見える冬の空	1024x1024	assets/images/quizland/illust/stage/stage_weather_snowflake_big.png
stage_opposite_standing	opposite Lv1 たつ⇄すわる	立っている姿	1024x1024	assets/images/quizland/illust/stage/stage_opposite_standing.png
stage_opposite_open_door	opposite Lv1 あける⇄しめる	ドアまたは箱を開ける動作	1536x1024	assets/images/quizland/illust/stage/stage_opposite_open_door.png
stage_opposite_night_sky	opposite Lv1 よる⇄あさ	夜空	1536x1024	assets/images/quizland/illust/stage/stage_opposite_night_sky.png
stage_opposite_high_low	opposite Lv2 たかい⇄ひくい	高い物と低い物の比較	1536x1024	assets/images/quizland/illust/stage/stage_opposite_high_low.png
stage_opposite_thick_thin	opposite Lv2 ふとい⇄ほそい	太い木と細い枝の比較	1536x1024	assets/images/quizland/illust/stage/stage_opposite_thick_thin.png
stage_opposite_hard_soft	opposite Lv2 かたい⇄やわらかい	石とクッションの比較	1536x1024	assets/images/quizland/illust/stage/stage_opposite_hard_soft.png
stage_opposite_strong_weak	opposite Lv2 つよい⇄よわい	強弱の比較 (やさしい表現)	1536x1024	assets/images/quizland/illust/stage/stage_opposite_strong_weak.png
stage_opposite_cry_smile	opposite Lv2 なく⇄わらう	泣く顔と笑う顔	1536x1024	assets/images/quizland/illust/stage/stage_opposite_cry_smile.png
stage_opposite_many_few	opposite Lv2 おおい⇄すくない	多い物と少ない物を並べる	1536x1024	assets/images/quizland/illust/stage/stage_opposite_many_few.png
stage_opposite_light_heavy	opposite Lv3 かるい⇄おもい	風船と重い石の比較	1536x1024	assets/images/quizland/illust/stage/stage_opposite_light_heavy.png
stage_opposite_bright_dark	opposite Lv3 あかるい⇄くらい	明るい部屋と暗い部屋の比較	1536x1024	assets/images/quizland/illust/stage/stage_opposite_bright_dark.png
stage_opposite_new_old	opposite Lv3 あたらしい⇄ふるい	新しい物と古い物の比較	1536x1024	assets/images/quizland/illust/stage/stage_opposite_new_old.png
stage_opposite_praise	opposite Lv3 ほめる⇄しかる	ほめる場面	1536x1024	assets/images/quizland/illust/stage/stage_opposite_praise.png
stage_trivia_ripe_banana	trivia Lv1 バナナの色	熟したバナナ	1024x1024	assets/images/quizland/illust/stage/stage_trivia_ripe_banana.png
stage_trivia_meowing_cat	trivia Lv1 ねこの鳴き声	鳴いている猫	1024x1024	assets/images/quizland/illust/stage/stage_trivia_meowing_cat.png
stage_trivia_long_nose_elephant	trivia Lv1 ぞうのからだ	鼻が長いゾウ	1024x1024	assets/images/quizland/illust/stage/stage_trivia_long_nose_elephant.png
stage_trivia_snowy_landscape	trivia Lv1 冬に空から	雪景色	1536x1024	assets/images/quizland/illust/stage/stage_trivia_snowy_landscape.png
stage_trivia_hatching_egg	trivia Lv1 たまごから	孵化する卵	1024x1024	assets/images/quizland/illust/stage/stage_trivia_hatching_egg.png
stage_trivia_red_apple	trivia Lv1 りんごの色	赤いりんご	1024x1024	assets/images/quizland/illust/stage/stage_trivia_red_apple.png
stage_trivia_rabbit	trivia Lv1 うさぎの耳	うさぎ	1024x1024	assets/images/quizland/illust/stage/stage_trivia_rabbit.png
stage_trivia_four_birds_silhouette	trivia Lv2 飛べない鳥	4種類の鳥のシルエットを並列に並べる	1536x1024	assets/images/quizland/illust/stage/stage_trivia_four_birds_silhouette.png
stage_trivia_running_cheetah	trivia Lv2 速い動物	走るチーター	1536x1024	assets/images/quizland/illust/stage/stage_trivia_running_cheetah.png
stage_trivia_sleeping_bear_cave	trivia Lv2 冬眠する動物	洞窟の中で眠っているクマ	1536x1024	assets/images/quizland/illust/stage/stage_trivia_sleeping_bear_cave.png
stage_trivia_earthworm_after_rain	trivia Lv2 雨で出てくる虫	雨上がりの土から出てきたミミズ	1536x1024	assets/images/quizland/illust/stage/stage_trivia_earthworm_after_rain.png
stage_trivia_koala_eucalyptus	trivia Lv2 コアラの食べ物	ユーカリの木にいるコアラ	1024x1024	assets/images/quizland/illust/stage/stage_trivia_koala_eucalyptus.png
stage_trivia_ocean_silhouettes_4	trivia Lv3 一番大きい魚	海の中に4種類の海の生き物のシルエットを同じ大きさで並べる	1536x1024	assets/images/quizland/illust/stage/stage_trivia_ocean_silhouettes_4.png
stage_trivia_dolphin	trivia Lv3 イルカの仲間	イルカ	1024x1024	assets/images/quizland/illust/stage/stage_trivia_dolphin.png
stage_trivia_huge_creatures_compare	trivia Lv3 一番大きい生き物	ゾウ / ジンベイザメ / シロナガスクジラ / ダイオウイカ の4シルエットを同サイズで比較	1536x1024	assets/images/quizland/illust/stage/stage_trivia_huge_creatures_compare.png
stage_trivia_spider_eyes	trivia Lv3 目8つの生き物	クモの8つの目をやさしく強調	1024x1024	assets/images/quizland/illust/stage/stage_trivia_spider_eyes.png
stage_trivia_flamingo	trivia Lv3 フラミンゴがピンク	フラミンゴと赤い食べ物	1024x1024	assets/images/quizland/illust/stage/stage_trivia_flamingo.png
stage_trivia_male_lion	trivia Lv3 ライオンのたてがみ	たてがみのあるオスライオン	1024x1024	assets/images/quizland/illust/stage/stage_trivia_male_lion.png
stage_body_skin_wrap	body Lv2 体全体をつつむ	体表をやさしく示す	1024x1024	assets/images/quizland/illust/stage/stage_body_skin_wrap.png
stage_body_heart_pump	body Lv2 血を送るポンプ	かわいい心臓ポンプ	1024x1024	assets/images/quizland/illust/stage/stage_body_heart_pump.png
stage_body_chewing_teeth	body Lv2 噛んでこなごな	歯で噛む場面	1024x1024	assets/images/quizland/illust/stage/stage_body_chewing_teeth.png
stage_body_lungs_breath	body Lv2 息をすう	肺をやさしく示す	1024x1024	assets/images/quizland/illust/stage/stage_body_lungs_breath.png
stage_body_teeth_bone_compare	body Lv3 体で一番硬い	歯と骨の硬さの比較	1536x1024	assets/images/quizland/illust/stage/stage_body_teeth_bone_compare.png
