女の子,しかく
女の子,さんかく
女の子,ほし
女の子,まる
女の子,さんかく
女の子,ほし
女の子,まる
女の子,しかく
女の子,ほし
女の子,まる
女の子,しかく
女の子,さんかく
女の子,まる
女の子,しかく
女の子,さんかく
女の子,まる
女の子,しかく
女の子,ハート
女の子,まる
女の子,ほし
女の子,しかく
女の子,よんこ
女の子,ろっこ
女の子,さんこ
女の子,ほし
女の子,さんかく
女の子,まる
女の子,まる
女の子,さんかく
女の子,しかく
女の子,まる
女の子,しかく
女の子,さんかく
女の子,にこ
女の子,よんこ
女の子,ごこ
女の子,さんこ
女の子,ごこ
女の子,にこ
女の子,まる
女の子,ほし
女の子,ハート
女の子,まる
女の子,おなじ
女の子,どちらも かどが ない
女の子,にこ
女の子,よんこ
女の子,いっこ
女の子,さんこ
女の子,ごこ
女の子,ろっこ
女の子,にこ
女の子,さんこ
女の子,よんこ
女の子,さんこ
女の子,ごこ
女の子,ろっこ
女の子,まる
女の子,おなじ
女の子,どちらも かどが ない
女の子,まんまるい
女の子,さんかく
女の子,しかく
女の子,まる
女の子,さんかく
女の子,ほし
女の子,しかく
女の子,さんかく
女の子,ほし
