女の子,あかい
女の子,まるい
女の子,やさしい
女の子,やわらかい
女の子,はやい
女の子,くらい
女の子,みぎ
女の子,ひだり
女の子,うえ
女の子,あるく
女の子,ねる
女の子,とぶ
女の子,おす
女の子,ひく
女の子,まわす
女の子,いい
女の子,わるい
女の子,おもしろい
女の子,ゆうがた
女の子,ひる
女の子,まよなか
女の子,おおきい
女の子,おおい
女の子,はやい
女の子,かるい
女の子,やさしい
女の子,あかるい
女の子,おもい
女の子,かたい
女の子,くらい
女の子,かわいい
女の子,やわらかい
女の子,かるい
女の子,おもい
女の子,ちいさい
女の子,みじかい
女の子,かるい
女の子,やさしい
女の子,つよい
女の子,おもい
女の子,ちいさい
女の子,おそい
女の子,えがく
女の子,おこる
女の子,ねる
女の子,おおきい
女の子,ちいさい
女の子,よわい
女の子,やさしい
女の子,ふるい
女の子,ちいさい
女の子,やさしい
女の子,きつい
女の子,ちいさい
女の子,みぎ
女の子,まえ
女の子,ひだり
女の子,やすい
女の子,おもい
女の子,かるい
女の子,いっしょに あそぶ
女の子,なかよく する
女の子,なにも しない
女の子,あそぶ
女の子,たべる
女の子,ねる
女の子,おこる
女の子,いう
女の子,にらむ
女の子,はなす
女の子,きく
女の子,よむ
