女の子,あか
女の子,あお
女の子,むらさき
女の子,ワンワン
女の子,モーモー
女の子,コケコッコー
女の子,しっぽ
女の子,みみ
女の子,あし
女の子,あめ
女の子,すな
女の子,こおり
女の子,いぬ
女の子,うし
女の子,ぶた
女の子,あお
女の子,くろ
女の子,しろ
女の子,よる
女の子,まよなか
女の子,ゆうがた
女の子,まるくて みじかい
女の子,まるい ちいさい
女の子,とがって ちいさい
女の子,はな
女の子,みず
女の子,いし
女の子,カブトムシ
女の子,チョウチョ
女の子,バッタ
女の子,タカ
女の子,ハト
女の子,ツバメ
女の子,ろっぽん
女の子,じゅっぽん
女の子,よんほん
女の子,ライオン
女の子,シマウマ
女の子,キリン
女の子,けむり
女の子,くも
女の子,とり
女の子,ゾウ
女の子,ライオン
女の子,キリン
女の子,チョウチョ
女の子,カブトムシ
女の子,セミ
女の子,バナナ
女の子,たけのこ
女の子,りんご
女の子,じゅうごこ
女の子,にじゅっこ
女の子,ごこ
女の子,マグロ
女の子,クジラ
女の子,サメ
女の子,さかな
女の子,サメ
女の子,タコ
女の子,ゾウ
女の子,ジンベイザメ
女の子,ダイオウイカ
女の子,カブトムシ
女の子,チョウチョ
女の子,バッタ
女の子,たけ
女の子,まつのき
女の子,さくら
女の子,ひとつ
女の子,ふたつ
女の子,よっつ
女の子,そらの いろを すいこむ
女の子,ペンキを ぬる
女の子,にっこうで やける
女の子,きば
女の子,ひげ
女の子,つの
