女性4,はな
女性4,くち
女性4,みみ
女性4,め
女性4,みみ
女性4,はな
女性4,あし
女性4,かた
女性4,うで
女性4,て
女性4,かた
女性4,おなか
女性4,くち
女性4,め
女性4,ほほ
女性4,くち
女性4,ほほ
女性4,ひたい
女性4,め
女性4,くち
女性4,はな
女性4,よんほん
女性4,ろっぽん
女性4,さんぼん
女性4,くち
女性4,め
女性4,ほほ
女性4,ほね
女性4,つめ
女性4,かみ
女性4,ゆび
女性4,みみ
女性4,おなか
女性4,め
女性4,はな
女性4,くち
女性4,ふく
女性4,ほね
女性4,け
女性4,のう
女性4,ひふ
女性4,い
女性4,みみ
女性4,め
女性4,かみのけ
女性4,い
女性4,こころ
女性4,ゆび
女性4,いぶくろの い
女性4,たべている
女性4,はしっている
女性4,うごけない
女性4,はえない
女性4,ときどき はえる
女性4,わからない
女性4,すくない
女性4,おなじ
女性4,わからない
女性4,こわいから
女性4,おなかが すいたから
女性4,ねむいから
女性4,ほねが なるから
女性4,きんにくが うごくから
女性4,ちが ながれるから
女性4,もよう
女性4,てもん
女性4,がら
女性4,あそびの ため
女性4,こわい ため
女性4,ねむく なるため
女性4,いろを かえるため
女性4,かゆくするため
女性4,いろを つけるため
