女性4,まんなかは なにいろ？
女性4,あお
女性4,ひだりから いちばんめは なにいろ？
女性4,みどり
女性4,ひだりから いちばんめは なにいろ？
女性4,あか
女性4,みぎから いちばんめは なにいろ？
女性4,きいろ
女性4,まんなかは なにいろ？
女性4,あお
女性4,まんなかは なにいろ？
女性4,オレンジ
女性4,みぎから いちばんめは なにいろ？
女性4,ピンク
女性4,ひだりから いちばんめは なにいろ？
女性4,オレンジ
女性4,ひだりから さんばんめは なにいろ？
女性4,きいろ
女性4,みぎから いちばんめは なにいろ？
女性4,きいろ
女性4,ひだりから にばんめは なにいろ？
女性4,きいろ
女性4,みぎから にばんめは なにいろ？
女性4,みどり
女性4,ひだりから さんばんめは なにいろ？
女性4,ピンク
女性4,みぎから いちばんめは なにいろ？
女性4,きいろ
女性4,ひだりから にばんめは なにいろ？
女性4,オレンジ
女性4,みぎから にばんめは なにいろ？
女性4,あか
女性4,まんなかは なにいろ？
女性4,みどり
女性4,ひだりから にばんめは なにいろ？
女性4,あお
女性4,まんなかは なにいろ？
女性4,あか
女性4,みぎから にばんめは なにいろ？
女性4,オレンジ
女性4,みぎから にばんめは なにいろ？
女性4,きいろ
女性4,いちばん ひだりは なにいろ？
女性4,あか
女性4,いちばん みぎは なにいろ？
女性4,むらさき
女性4,まんなかは なにいろ？
女性4,きいろ
